Line,ped.donor,N.blocks,N.mismatch.blocks,N.NA.blocks,N.donor.matches,best.matches
CML103/B73 NIL-1001,CML103,1,0,0,1,CML103
CML103/B73 NIL-1002,CML103,2,0,0,1,CML103
CML103/B73 NIL-1003A,CML103,1,0,0,1,CML103
CML103/B73 NIL-1003B,CML103,1,0,0,1,CML103
CML103/B73 NIL-1005,CML103,2,0,0,1,CML103
CML103/B73 NIL-1008,CML103,3,0,1,1,CML103
CML103/B73 NIL-1012,CML103,3,0,1,1,CML103
CML103/B73 NIL-1017,CML103,2,1,1,1,Tzi8
CML103/B73 NIL-1019A,CML103,1,0,0,1,CML103
CML103/B73 NIL-1019B,CML103,1,0,0,1,CML103
CML103/B73 NIL-1034,CML103,2,0,0,1,CML103
CML103/B73 NIL-1037B,CML103,2,0,0,1,CML103
CML103/B73 NIL-1041,CML103,2,0,1,1,CML103
CML103/B73 NIL-1049,CML103,3,0,2,1,CML103
CML103/B73 NIL-1053,CML103,2,1,1,1,B73
CML103/B73 NIL-1059,CML103,1,1,0,1,Tzi8
CML103/B73 NIL-1063,CML103,1,0,0,1,CML103
CML103/B73 NIL-1072,CML103,1,0,1,0,NA
CML103/B73 NIL-1076A,CML103,5,1,1,2,CML103/Tzi8
CML103/B73 NIL-1076B,CML103,3,1,0,2,Tzi8/CML103
CML103/B73 NIL-1078A,CML103,2,1,0,2,Tzi8/CML103
CML103/B73 NIL-1078B,CML103,1,0,1,0,NA
CML103/B73 NIL-1079A,CML103,4,2,0,2,Tzi8/CML103
CML103/B73 NIL-1079B,CML103,4,2,0,2,Tzi8/CML103
CML103/B73 NIL-1079C,CML103,6,2,0,2,Tzi8/CML103
CML103/B73 NIL-1079D,CML103,6,2,1,2,Tzi8/CML103
CML103/B73 NIL-1081A,CML103,5,1,1,2,CML103/Tzi8
CML103/B73 NIL-1081B,CML103,5,2,1,2,Tzi8/CML103
CML103/B73 NIL-1084,CML103,2,1,1,1,Tzi8
CML103/B73 NIL-1088,CML103,1,1,0,1,Tzi8
CML103/B73 NIL-1093,CML103,1,0,0,1,CML103
CML103/B73 NIL-1094,CML103,3,0,3,0,NA
CML103/B73 NIL-1098,CML103,5,4,1,1,Tzi8
CML103/B73 NIL-1113,CML103,3,1,2,1,Tzi8
CML103/B73 NIL-1114,CML103,1,1,0,1,Tzi8
CML103/B73 NIL-1116,CML103,2,1,1,1,Tzi8
CML103/B73 NIL-1129,CML103,3,0,0,1,CML103
CML103/B73 NIL-1141,CML103,2,1,1,1,Tzi8
CML103/B73 NIL-1146,CML103,1,0,1,0,NA
CML103/B73 NIL-1152,CML103,3,1,0,2,CML103/B73
CML103/B73 NIL-1153,CML103,2,0,0,1,CML103
CML103/B73 NIL-1158,CML103,1,1,0,1,Tzi8
CML103/B73 NIL-1160,CML103,2,0,1,1,CML103
CML103/B73 NIL-1164,CML103,5,1,0,2,CML103/B73
CML103/B73 NIL-1165,CML103,2,1,0,2,B73/CML103
CML103/B73 NIL-1170,CML103,7,0,7,0,NA
CML103/B73 NIL-1171,CML103,1,0,0,1,CML103
CML103/B73 NIL-1174,CML103,2,2,0,1,Tzi8
CML103/B73 NIL-1177,CML103,3,1,1,2,Mo17/CML103
CML103/B73 NIL-1178,CML103,2,2,0,1,Mo17
CML103/B73 NIL-1182A,CML103,3,0,0,1,CML103
CML103/B73 NIL-1182B,CML103,4,0,0,1,CML103
CML103/B73 NIL-1184,CML103,4,0,1,1,CML103
CML103/B73 NIL-1194,CML103,2,0,0,1,CML103
CML103/B73 NIL-1197,CML103,3,0,0,1,CML103
CML103/B73 NIL-1198,CML103,3,0,1,1,CML103
CML103/B73 NIL-1202,CML103,2,0,0,1,CML103
CML103/B73 NIL-1206,CML103,4,0,1,1,CML103
CML103/B73 NIL-1207,CML103,2,0,0,1,CML103
CML103/B73 NIL-1209,CML103,5,0,2,1,CML103
CML103/B73 NIL-1212,CML103,2,2,0,1,Tzi8
CML103/B73 NIL-1216,CML103,1,1,0,1,Tzi8
CML103/B73 NIL-1217,CML103,2,2,0,1,Tzi8
CML103/B73 NIL-1220,CML103,3,2,1,1,Tzi8
CML103/B73 NIL-1230,CML103,4,1,3,1,Mo17
CML103/B73 NIL-1233,CML103,2,0,1,1,CML103
CML103/B73 NIL-1234,CML103,2,0,1,1,CML103
CML103/B73 NIL-1239,CML103,2,0,0,1,CML103
CML103/B73 NIL-1242,CML103,7,4,0,2,CML228/CML103
CML103/B73 NIL-1244,CML103,2,1,0,2,CML228/CML103
CML103/B73 NIL-1252,CML103,3,2,1,1,Tzi8
CML103/B73 NIL-1254A,CML103,1,0,0,1,CML103
CML103/B73 NIL-1266,CML103,2,0,0,1,CML103
CML103/B73 NIL-1277,CML103,2,0,1,1,CML103
CML103/B73 NIL-1279,CML103,3,0,0,1,CML103
CML103/B73 NIL-1281,CML103,2,1,1,1,Tzi8
CML103/B73 NIL-1288,CML103,2,0,0,1,CML103
CML103/B73 NIL-1290,CML103,1,0,1,0,NA
CML103/B73 NIL-1303,CML103,1,0,0,1,CML103
CML103/B73 NIL-1324A,CML103,3,0,0,1,CML103
CML103/B73 NIL-1324B,CML103,3,0,0,1,CML103
CML103/B73 NIL-1326,CML103,2,0,0,1,CML103
CML103/B73 NIL-1330,CML103,1,0,0,1,CML103
CML103/B73 NIL-1331,CML103,4,2,1,2,B73/CML103
CML103/B73 NIL-1340A,CML103,3,0,1,1,CML103
CML103/B73 NIL-1340B,CML103,2,0,2,0,NA
CML103/B73 NIL-1341,CML103,2,0,0,1,CML103
CML103/B73 NIL-1342B,CML103,3,0,0,1,CML103
CML103/B73 NIL-1343,CML103,1,0,0,1,CML103
CML103/B73 NIL-1345A,CML103,3,0,0,1,CML103
CML103/B73 NIL-1345B,CML103,4,0,2,1,CML103
CML228/B73 NIL-1004,CML228,1,0,0,1,CML228
CML228/B73 NIL-1006,CML228,1,0,0,1,CML228
CML228/B73 NIL-1010,CML228,1,0,0,1,CML228
CML228/B73 NIL-1026,CML228,2,0,0,1,CML228
CML228/B73 NIL-1044,CML228,2,0,1,1,CML228
CML228/B73 NIL-1055,CML228,2,1,1,1,CML247
CML228/B73 NIL-1063,CML228,2,0,0,1,CML228
CML228/B73 NIL-1067,CML228,3,1,1,2,CML228/B73
CML228/B73 NIL-1069,CML228,2,0,0,1,CML228
CML228/B73 NIL-1085,CML228,4,1,2,2,CML228/Ki3
CML228/B73 NIL-1086,CML228,1,0,0,1,CML228
CML228/B73 NIL-1100,CML228,1,0,0,1,CML228
CML228/B73 NIL-1101,CML228,2,0,1,1,CML228
CML228/B73 NIL-1103,CML228,1,0,0,1,CML228
CML228/B73 NIL-1104,CML228,2,0,0,1,CML228
CML228/B73 NIL-1113,CML228,2,0,0,1,CML228
CML228/B73 NIL-1117A,CML228,4,1,0,2,CML228/Ki3
CML228/B73 NIL-1117B,CML228,4,1,0,2,CML228/Ki3
CML228/B73 NIL-1118A,CML228,3,1,0,2,CML228/Ki3
CML228/B73 NIL-1118B,CML228,4,0,3,1,CML228
CML228/B73 NIL-1119,CML228,3,1,0,2,CML228/Ki11
CML228/B73 NIL-1121,CML228,2,2,0,1,CML247
CML228/B73 NIL-1134B,CML228,3,3,0,1,CML247
CML228/B73 NIL-1138,CML228,3,3,0,1,CML247
CML228/B73 NIL-1139,CML228,2,0,0,1,CML228
CML228/B73 NIL-1143,CML228,3,3,0,1,CML247
CML228/B73 NIL-1146,CML228,3,0,1,1,CML228
CML228/B73 NIL-1148,CML228,1,0,0,1,CML228
CML228/B73 NIL-1157,CML228,2,0,0,1,CML228
CML228/B73 NIL-1160A,CML228,3,3,0,2,CML247/B73
CML228/B73 NIL-1160B,CML228,2,2,0,1,CML247
CML228/B73 NIL-1178,CML228,2,0,1,1,CML228
CML228/B73 NIL-1188,CML228,4,1,1,2,CML228/CML247
CML228/B73 NIL-1189,CML228,2,0,1,1,CML228
CML228/B73 NIL-1201,CML228,1,0,0,1,CML228
CML228/B73 NIL-1207,CML228,1,0,0,1,CML228
CML228/B73 NIL-1217A,CML228,2,1,0,2,Ki11/CML228
CML228/B73 NIL-1217B,CML228,2,1,0,2,Ki11/CML228
CML228/B73 NIL-1229,CML228,2,0,0,1,CML228
CML228/B73 NIL-1230,CML228,2,0,0,1,CML228
CML228/B73 NIL-1232,CML228,1,0,0,1,CML228
CML247/B73 NIL-1005A,CML247,30,2,28,2,B73/Mo17
CML247/B73 NIL-1015,CML247,32,4,28,1,B73
CML247/B73 NIL-1020,CML247,2,0,0,1,CML247
CML247/B73 NIL-1032B,CML247,2,0,0,1,CML247
CML247/B73 NIL-1037,CML247,1,0,0,1,CML247
CML247/B73 NIL-1040,CML247,3,0,0,1,CML247
CML247/B73 NIL-1050,CML247,2,0,0,1,CML247
CML247/B73 NIL-1059A,CML247,2,0,0,1,CML247
CML247/B73 NIL-1063,CML247,1,0,0,1,CML247
CML247/B73 NIL-1065,CML247,3,0,0,1,CML247
CML247/B73 NIL-1070,CML247,2,0,0,1,CML247
CML247/B73 NIL-1072,CML247,2,0,1,1,CML247
CML247/B73 NIL-1075,CML247,2,0,1,1,CML247
CML247/B73 NIL-1082,CML247,1,0,0,1,CML247
CML247/B73 NIL-1090,CML247,2,0,0,1,CML247
CML247/B73 NIL-1104,CML247,3,0,0,1,CML247
CML247/B73 NIL-1105,CML247,2,0,0,1,CML247
CML247/B73 NIL-1106,CML247,1,0,0,1,CML247
CML247/B73 NIL-1107,CML247,2,0,0,1,CML247
CML247/B73 NIL-1110,CML247,2,0,0,1,CML247
CML247/B73 NIL-1125,CML247,1,0,0,1,CML247
CML247/B73 NIL-1128,CML247,2,0,0,1,CML247
CML247/B73 NIL-1130,CML247,2,0,0,1,CML247
CML247/B73 NIL-1131,CML247,1,0,0,1,CML247
CML247/B73 NIL-1139,CML247,1,1,0,1,CML277
CML247/B73 NIL-1164,CML247,2,0,0,1,CML247
CML247/B73 NIL-1179,CML247,1,0,0,1,CML247
CML247/B73 NIL-1180,CML247,1,0,0,1,CML247
CML247/B73 NIL-1181,CML247,1,0,0,1,CML247
CML247/B73 NIL-1186,CML247,4,3,1,1,CML277
CML247/B73 NIL-1190,CML247,2,2,0,1,CML277
CML247/B73 NIL-1194,CML247,4,0,0,1,CML247
CML247/B73 NIL-1201,CML247,1,0,0,1,CML247
CML247/B73 NIL-1206,CML247,4,4,0,1,CML277
CML247/B73 NIL-1218,CML247,2,0,0,1,CML247
CML247/B73 NIL-1241,CML247,2,0,0,1,CML247
CML247/B73 NIL-1246A,CML247,1,0,0,1,CML247
CML247/B73 NIL-1253,CML247,2,0,0,1,CML247
CML247/B73 NIL-1254,CML247,1,0,0,1,CML247
CML247/B73 NIL-1262,CML247,1,0,0,1,CML247
CML247/B73 NIL-1277,CML247,1,0,0,1,CML247
CML277/B73 NIL-1004,CML277,1,0,0,1,CML277
CML277/B73 NIL-1007,CML277,2,2,0,1,CML322
CML277/B73 NIL-1008,CML277,2,2,0,1,CML322
CML277/B73 NIL-1011,CML277,2,0,1,1,CML277
CML277/B73 NIL-1012A,CML277,2,0,0,1,CML277
CML277/B73 NIL-1012B,CML277,3,0,1,1,CML277
CML277/B73 NIL-1017,CML277,3,0,0,1,CML277
CML277/B73 NIL-1029,CML277,3,0,0,1,CML277
CML277/B73 NIL-1032,CML277,3,0,3,0,NA
CML277/B73 NIL-1035,CML277,2,0,0,1,CML277
CML277/B73 NIL-1041B,CML277,2,0,0,1,CML277
CML277/B73 NIL-1048,CML277,1,1,0,1,CML322
CML277/B73 NIL-1061,CML277,3,3,0,1,CML322
CML277/B73 NIL-1069,CML277,3,3,0,1,CML322
CML277/B73 NIL-1081,CML277,3,0,0,1,CML277
CML277/B73 NIL-1086,CML277,1,0,0,1,CML277
CML277/B73 NIL-1090,CML277,1,0,0,1,CML277
CML277/B73 NIL-1091,CML277,1,0,0,1,CML277
CML277/B73 NIL-1111B,CML277,3,0,0,1,CML277
CML277/B73 NIL-1116,CML277,1,1,0,1,CML322
CML277/B73 NIL-1122,CML277,1,1,0,1,CML322
CML277/B73 NIL-1124,CML277,2,0,0,1,CML277
CML277/B73 NIL-1132A,CML277,2,0,1,1,CML277
CML277/B73 NIL-1135,CML277,2,0,0,1,CML277
CML277/B73 NIL-1136,CML277,1,1,0,1,CML322
CML277/B73 NIL-1140,CML277,7,0,1,1,CML277
CML277/B73 NIL-1145,CML277,3,0,0,1,CML277
CML277/B73 NIL-1175,CML277,3,3,0,1,CML322
CML277/B73 NIL-1179,CML277,1,0,0,1,CML277
CML277/B73 NIL-1180,CML277,1,0,0,1,CML277
CML277/B73 NIL-1183,CML277,2,0,0,1,CML277
CML277/B73 NIL-1234A,CML277,1,0,0,1,CML277
CML277/B73 NIL-1234B,CML277,1,0,0,1,CML277
CML277/B73 NIL-1235A,CML277,1,0,0,1,CML277
CML277/B73 NIL-1235B,CML277,1,0,0,1,CML277
CML277/B73 NIL-1263,CML277,1,0,0,1,CML277
CML277/B73 NIL-1280,CML277,3,0,0,1,CML277
CML277/B73 NIL-1281,CML277,2,0,0,1,CML277
CML277/B73 NIL-1282,CML277,4,0,0,1,CML277
CML277/B73 NIL-1283,CML277,4,0,0,1,CML277
CML277/B73 NIL-1296,CML277,2,0,0,1,CML277
CML277/B73 NIL-1314,CML277,1,0,0,1,CML277
CML322/B73 NIL-1003,CML322,2,0,0,1,CML322
CML322/B73 NIL-1004,CML322,1,0,0,1,CML322
CML322/B73 NIL-1016,CML322,3,0,0,1,CML322
CML322/B73 NIL-1018A,CML322,2,0,0,1,CML322
CML322/B73 NIL-1021,CML322,2,0,0,1,CML322
CML322/B73 NIL-1030B,CML322,3,0,0,1,CML322
CML322/B73 NIL-1037,CML322,1,0,0,1,CML322
CML322/B73 NIL-1048,CML322,2,0,0,1,CML322
CML322/B73 NIL-1051,CML322,5,0,0,1,CML322
CML322/B73 NIL-1053A,CML322,3,0,0,1,CML322
CML322/B73 NIL-1060,CML322,2,0,0,1,CML322
CML322/B73 NIL-1061,CML322,1,0,0,1,CML322
CML322/B73 NIL-1069,CML322,2,0,0,1,CML322
CML322/B73 NIL-1074,CML322,2,0,0,1,CML322
CML322/B73 NIL-1076,CML322,1,0,0,1,CML322
CML322/B73 NIL-1083,CML322,4,0,0,1,CML322
CML322/B73 NIL-1094,CML322,1,0,0,1,CML322
CML322/B73 NIL-1097,CML322,2,2,0,1,CML333
CML322/B73 NIL-1098,CML322,1,0,0,1,CML322
CML322/B73 NIL-1101,CML322,2,0,0,1,CML322
CML322/B73 NIL-1103,CML322,3,0,0,1,CML322
CML322/B73 NIL-1144,CML322,1,1,0,1,CML333
CML322/B73 NIL-1146,CML322,5,5,0,1,CML277
CML322/B73 NIL-1147,CML322,1,0,0,1,CML322
CML322/B73 NIL-1174B,CML322,1,0,0,1,CML322
CML322/B73 NIL-1194,CML322,2,0,0,1,CML322
CML322/B73 NIL-1198,CML322,2,0,0,1,CML322
CML322/B73 NIL-1215,CML322,4,0,4,0,NA
CML322/B73 NIL-1218,CML322,1,0,0,1,CML322
CML322/B73 NIL-1222,CML322,2,0,0,1,CML322
CML322/B73 NIL-1224,CML322,1,0,0,1,CML322
CML322/B73 NIL-1225,CML322,1,0,0,1,CML322
CML322/B73 NIL-1229,CML322,2,2,0,1,CML333
CML322/B73 NIL-1234,CML322,1,0,0,1,CML322
CML322/B73 NIL-1242,CML322,1,0,0,1,CML322
CML322/B73 NIL-1245,CML322,2,0,0,1,CML322
CML322/B73 NIL-1251,CML322,3,0,0,1,CML322
CML322/B73 NIL-1254,CML322,3,0,2,1,CML322
CML322/B73 NIL-1255,CML322,2,0,1,1,CML322
CML333/B73 NIL-1003,CML333,2,0,2,0,NA
CML333/B73 NIL-1008,CML333,2,0,0,1,CML333
CML333/B73 NIL-1009,CML333,1,0,0,1,CML333
CML333/B73 NIL-1013,CML333,2,0,0,1,CML333
CML333/B73 NIL-1014,CML333,2,0,0,1,CML333
CML333/B73 NIL-1015,CML333,1,0,0,1,CML333
CML333/B73 NIL-1031,CML333,2,1,0,2,CML333/Ki11
CML333/B73 NIL-1032,CML333,1,0,0,1,CML333
CML333/B73 NIL-1034,CML333,2,0,0,1,CML333
CML333/B73 NIL-1036,CML333,2,0,0,1,CML333
CML333/B73 NIL-1046,CML333,1,0,1,0,NA
CML333/B73 NIL-1047,CML333,1,0,0,1,CML333
CML333/B73 NIL-1048,CML333,1,0,0,1,CML333
CML333/B73 NIL-1052,CML333,2,0,1,1,CML333
CML333/B73 NIL-1055,CML333,1,0,0,1,CML333
CML333/B73 NIL-1061,CML333,2,0,0,1,CML333
CML333/B73 NIL-1075,CML333,1,0,0,1,CML333
CML333/B73 NIL-1077,CML333,2,0,0,1,CML333
CML333/B73 NIL-1081,CML333,4,4,0,1,CML322
CML333/B73 NIL-1087,CML333,1,0,0,1,CML333
CML333/B73 NIL-1089,CML333,2,0,1,1,CML333
CML333/B73 NIL-1092,CML333,5,3,2,1,B73
CML333/B73 NIL-1104,CML333,3,1,1,2,CML333/B73
CML333/B73 NIL-1107,CML333,3,0,0,1,CML333
CML333/B73 NIL-1108,CML333,1,0,0,1,CML333
CML333/B73 NIL-1109A,CML333,2,0,0,1,CML333
CML333/B73 NIL-1109B,CML333,2,0,0,1,CML333
CML333/B73 NIL-1111,CML333,1,0,0,1,CML333
CML333/B73 NIL-1112A,CML333,3,2,1,2,B73/CML69
CML333/B73 NIL-1116,CML333,2,2,0,1,B73
CML333/B73 NIL-1119A,CML333,5,0,4,1,CML333
CML333/B73 NIL-1119B,CML333,5,0,4,1,CML333
CML333/B73 NIL-1122,CML333,2,0,0,1,CML333
CML333/B73 NIL-1124,CML333,4,0,0,1,CML333
CML333/B73 NIL-1127,CML333,3,0,0,1,CML333
CML333/B73 NIL-1131,CML333,3,0,0,1,CML333
CML333/B73 NIL-1136,CML333,2,0,0,1,CML333
CML333/B73 NIL-1143,CML333,2,0,0,1,CML333
CML333/B73 NIL-1145,CML333,1,0,0,1,CML333
CML333/B73 NIL-1156,CML333,1,0,0,1,CML333
CML333/B73 NIL-1170,CML333,2,0,0,1,CML333
CML333/B73 NIL-1174,CML333,1,0,0,1,CML333
CML333/B73 NIL-1182,CML333,1,0,0,1,CML333
CML333/B73 NIL-1183,CML333,2,0,0,1,CML333
CML333/B73 NIL-1185,CML333,1,0,0,1,CML333
CML333/B73 NIL-1188A,CML333,2,0,0,1,CML333
CML333/B73 NIL-1193,CML333,1,0,0,1,CML333
CML333/B73 NIL-1199,CML333,3,0,0,1,CML333
CML333/B73 NIL-1201,CML333,4,1,1,2,CML333/B73
CML333/B73 NIL-1202B,CML333,1,0,0,1,CML333
CML333/B73 NIL-1209,CML333,4,0,2,1,CML333
CML333/B73 NIL-1217A,CML333,3,0,0,1,CML333
CML333/B73 NIL-1217B,CML333,2,0,1,1,CML333
CML333/B73 NIL-1220,CML333,3,2,0,2,CML333/B73
CML333/B73 NIL-1228,CML333,2,0,0,1,CML333
CML333/B73 NIL-1230,CML333,3,0,1,1,CML333
CML333/B73 NIL-1232,CML333,2,0,1,1,CML333
CML333/B73 NIL-1234,CML333,1,0,1,0,NA
CML333/B73 NIL-1243,CML333,2,0,0,1,CML333
CML333/B73 NIL-1253,CML333,3,0,0,1,CML333
CML333/B73 NIL-1260,CML333,1,0,0,1,CML333
CML333/B73 NIL-1269,CML333,1,0,0,1,CML333
CML333/B73 NIL-1270,CML333,1,0,0,1,CML333
CML333/B73 NIL-1275,CML333,2,0,0,1,CML333
CML333/B73 NIL-1276,CML333,1,0,0,1,CML333
CML333/B73 NIL-1279,CML333,1,0,0,1,CML333
CML333/B73 NIL-1281,CML333,2,0,0,1,CML333
CML333/B73 NIL-1290,CML333,2,1,0,2,B73/CML333
CML333/B73 NIL-1293,CML333,4,0,0,1,CML333
CML333/B73 NIL-1296,CML333,3,0,0,1,CML333
CML333/B73 NIL-1307,CML333,1,0,0,1,CML333
CML333/B73 NIL-1312,CML333,3,0,0,1,CML333
CML333/B73 NIL-1319,CML333,2,2,0,1,NC358
CML52/B73 NIL-1003,CML52,3,0,0,1,CML52
CML52/B73 NIL-1007,CML52,2,1,1,1,NC358
CML52/B73 NIL-1010A,CML52,1,0,0,1,CML52
CML52/B73 NIL-1010B,CML52,2,0,0,1,CML52
CML52/B73 NIL-1011,CML52,2,0,2,0,NA
CML52/B73 NIL-1015A,CML52,1,0,0,1,CML52
CML52/B73 NIL-1020,CML52,2,0,0,1,CML52
CML52/B73 NIL-1024,CML52,2,0,0,1,CML52
CML52/B73 NIL-1035,CML52,4,0,0,1,CML52
CML52/B73 NIL-1043,CML52,2,0,0,1,CML52
CML52/B73 NIL-1060,CML52,1,0,1,0,NA
CML52/B73 NIL-1063,CML52,3,3,0,1,NC358
CML52/B73 NIL-1065,CML52,4,3,1,1,NC358
CML52/B73 NIL-1069,CML52,4,3,1,1,NC358
CML52/B73 NIL-1070,CML52,2,2,0,1,NC358
CML52/B73 NIL-1076,CML52,3,0,1,1,CML52
CML52/B73 NIL-1079,CML52,2,2,0,1,NC358
CML52/B73 NIL-1083,CML52,2,2,0,1,NC358
CML52/B73 NIL-1086,CML52,3,3,0,2,NC358/B73
CML52/B73 NIL-1088,CML52,1,1,0,1,NC358
CML52/B73 NIL-1103,CML52,3,0,1,1,CML52
CML52/B73 NIL-1117,CML52,2,0,1,1,CML52
CML52/B73 NIL-1127,CML52,3,3,0,1,NC358
CML52/B73 NIL-1134,CML52,2,1,1,1,Oh43
CML52/B73 NIL-1160,CML52,2,0,1,1,CML52
CML52/B73 NIL-1164,CML52,2,2,0,1,NC358
CML52/B73 NIL-1165,CML52,3,1,0,2,NC358/CML52
CML52/B73 NIL-1167,CML52,1,0,1,0,NA
CML52/B73 NIL-1168,CML52,5,2,3,1,B73
CML52/B73 NIL-1175,CML52,2,1,1,1,NC358
CML52/B73 NIL-1181,CML52,4,2,2,1,NC358
CML52/B73 NIL-1192,CML52,1,1,0,1,NC358
CML52/B73 NIL-1204,CML52,3,3,0,1,CML69
CML52/B73 NIL-1207,CML52,1,1,0,1,Oh43
CML52/B73 NIL-1209,CML52,2,2,0,1,CML69
CML52/B73 NIL-1214A,CML52,1,1,0,1,NC358
CML52/B73 NIL-1214B,CML52,2,1,1,1,NC358
CML52/B73 NIL-1228,CML52,2,1,0,2,NC350/CML52
CML52/B73 NIL-1233,CML52,1,0,1,0,NA
CML52/B73 NIL-1235,CML52,1,0,1,0,NA
CML52/B73 NIL-1236,CML52,1,0,1,0,NA
CML52/B73 NIL-1237,CML52,3,3,0,1,Tx303
CML52/B73 NIL-1244,CML52,1,1,0,1,NC358
CML52/B73 NIL-1271,CML52,1,1,0,1,NC358
CML52/B73 NIL-1287,CML52,3,3,0,1,Oh43
CML52/B73 NIL-1292,CML52,1,0,0,1,CML52
CML52/B73 NIL-1294,CML52,1,0,0,1,CML52
CML52/B73 NIL-1314,CML52,3,3,0,2,NC358/B73
CML52/B73 NIL-1317,CML52,2,2,0,1,NC358
CML52/B73 NIL-1319,CML52,1,1,0,1,NC358
CML52/B73 NIL-1321,CML52,4,1,0,2,CML52/Tzi8
CML52/B73 NIL-1322,CML52,2,0,1,1,CML52
CML52/B73 NIL-1327,CML52,1,1,0,1,Oh43
CML52/B73 NIL-1357,CML52,1,0,1,0,NA
CML69/B73 NIL-1002,CML69,2,0,0,1,CML69
CML69/B73 NIL-1005,CML69,1,1,0,1,Oh43
CML69/B73 NIL-1007,CML69,2,0,0,1,CML69
CML69/B73 NIL-1016,CML69,4,0,3,1,CML69
CML69/B73 NIL-1018,CML69,2,0,0,1,CML69
CML69/B73 NIL-1019,CML69,2,0,1,1,CML69
CML69/B73 NIL-1026,CML69,2,0,0,1,CML69
CML69/B73 NIL-1029,CML69,4,2,2,1,Ki11
CML69/B73 NIL-1038,CML69,1,0,0,1,CML69
CML69/B73 NIL-1042,CML69,1,0,0,1,CML69
CML69/B73 NIL-1050,CML69,1,0,0,1,CML69
CML69/B73 NIL-1063,CML69,1,0,0,1,CML69
CML69/B73 NIL-1065,CML69,3,0,0,1,CML69
CML69/B73 NIL-1066,CML69,2,0,0,1,CML69
CML69/B73 NIL-1068,CML69,1,0,1,0,NA
CML69/B73 NIL-1070,CML69,1,1,0,1,Ki3
CML69/B73 NIL-1073,CML69,2,1,1,1,Oh43
CML69/B73 NIL-1077,CML69,2,0,1,1,CML69
CML69/B73 NIL-1079,CML69,5,3,1,3,CML69/B73/Mo17
CML69/B73 NIL-1081,CML69,7,4,0,2,Mo17/CML69
CML69/B73 NIL-1090,CML69,2,0,1,1,CML69
CML69/B73 NIL-1091,CML69,2,0,0,1,CML69
CML69/B73 NIL-1094,CML69,1,0,1,0,NA
CML69/B73 NIL-1096,CML69,1,0,1,0,NA
CML69/B73 NIL-1116,CML69,3,0,0,1,CML69
CML69/B73 NIL-1117,CML69,2,0,0,1,CML69
CML69/B73 NIL-1122,CML69,1,0,0,1,CML69
CML69/B73 NIL-1135A,CML69,4,1,0,2,CML69/CML228
CML69/B73 NIL-1145,CML69,5,0,0,1,CML69
CML69/B73 NIL-1162,CML69,3,0,1,1,CML69
CML69/B73 NIL-1167,CML69,2,0,0,1,CML69
CML69/B73 NIL-1176,CML69,2,0,1,1,CML69
CML69/B73 NIL-1178,CML69,4,0,0,1,CML69
CML69/B73 NIL-1185,CML69,6,4,0,2,CML69/CML103
CML69/B73 NIL-1189,CML69,2,1,1,1,Oh43
CML69/B73 NIL-1194,CML69,2,0,0,1,CML69
CML69/B73 NIL-1199,CML69,1,0,0,1,CML69
CML69/B73 NIL-1206,CML69,1,0,0,1,CML69
CML69/B73 NIL-1214,CML69,2,0,1,1,CML69
CML69/B73 NIL-1219,CML69,1,0,0,1,CML69
CML69/B73 NIL-1221,CML69,2,0,0,1,CML69
CML69/B73 NIL-1227,CML69,1,0,0,1,CML69
CML69/B73 NIL-1232,CML69,1,1,0,1,NC358
CML69/B73 NIL-1237,CML69,1,0,0,1,CML69
CML69/B73 NIL-1239A,CML69,1,0,0,1,CML69
CML69/B73 NIL-1239B,CML69,1,0,0,1,CML69
Ki11/B73 NIL-1001,Ki11,1,0,0,1,Ki11
Ki11/B73 NIL-1006,Ki11,4,0,0,1,Ki11
Ki11/B73 NIL-1015,Ki11,4,0,0,1,Ki11
Ki11/B73 NIL-1018,Ki11,1,0,0,1,Ki11
Ki11/B73 NIL-1032,Ki11,3,0,0,1,Ki11
Ki11/B73 NIL-1038,Ki11,2,2,0,2,NC358/B73
Ki11/B73 NIL-1039A,Ki11,1,0,0,1,Ki11
Ki11/B73 NIL-1039B,Ki11,1,0,0,1,Ki11
Ki11/B73 NIL-1046,Ki11,1,0,0,1,Ki11
Ki11/B73 NIL-1054,Ki11,1,0,0,1,Ki11
Ki11/B73 NIL-1059,Ki11,5,0,1,1,Ki11
Ki11/B73 NIL-1062A,Ki11,1,0,0,1,Ki11
Ki11/B73 NIL-1063,Ki11,3,0,0,1,Ki11
Ki11/B73 NIL-1066,Ki11,4,0,0,1,Ki11
Ki11/B73 NIL-1080,Ki11,2,0,0,1,Ki11
Ki11/B73 NIL-1081,Ki11,1,0,0,1,Ki11
Ki11/B73 NIL-1086,Ki11,2,0,0,1,Ki11
Ki11/B73 NIL-1090,Ki11,2,0,1,1,Ki11
Ki11/B73 NIL-1097A,Ki11,2,0,0,1,Ki11
Ki11/B73 NIL-1097B,Ki11,2,0,0,1,Ki11
Ki11/B73 NIL-1104,Ki11,1,0,0,1,Ki11
Ki11/B73 NIL-1106,Ki11,3,0,0,1,Ki11
Ki11/B73 NIL-1112,Ki11,1,0,0,1,Ki11
Ki11/B73 NIL-1115,Ki11,2,0,0,1,Ki11
Ki11/B73 NIL-1117A,Ki11,3,0,0,1,Ki11
Ki11/B73 NIL-1117B,Ki11,3,0,1,1,Ki11
Ki11/B73 NIL-1123,Ki11,3,2,0,2,Mo17/Ki11
Ki11/B73 NIL-1125,Ki11,4,1,2,2,Ki11/Mo17
Ki11/B73 NIL-1128,Ki11,10,5,3,3,Mo17/Ki11/Oh43
Ki11/B73 NIL-1129A,Ki11,7,4,2,3,Ki11/Mo17/Oh43
Ki11/B73 NIL-1129B,Ki11,9,4,3,3,Ki11/Mo17/Oh43
Ki11/B73 NIL-1134,Ki11,1,0,0,1,Ki11
Ki11/B73 NIL-1147,Ki11,3,0,0,1,Ki11
Ki11/B73 NIL-1153,Ki11,3,0,1,1,Ki11
Ki11/B73 NIL-1161,Ki11,2,0,0,1,Ki11
Ki11/B73 NIL-1164,Ki11,2,0,0,1,Ki11
Ki11/B73 NIL-1165,Ki11,1,0,0,1,Ki11
Ki11/B73 NIL-1169,Ki11,4,1,0,2,Ki11/B73
Ki11/B73 NIL-1177,Ki11,2,0,1,1,Ki11
Ki11/B73 NIL-1180,Ki11,3,0,0,1,Ki11
Ki11/B73 NIL-1193,Ki11,3,0,0,1,Ki11
Ki11/B73 NIL-1212,Ki11,4,0,0,1,Ki11
Ki11/B73 NIL-1228,Ki11,1,0,0,1,Ki11
Ki11/B73 NIL-1233,Ki11,2,2,0,1,Ki3
Ki3/B73 NIL-1007,Ki3,2,0,1,1,Ki3
Ki3/B73 NIL-1016,Ki3,2,0,0,1,Ki3
Ki3/B73 NIL-1024,Ki3,2,2,0,1,Ki11
Ki3/B73 NIL-1025,Ki3,2,2,0,1,Ki11
Ki3/B73 NIL-1028,Ki3,1,0,0,1,Ki3
Ki3/B73 NIL-1030,Ki3,2,0,0,1,Ki3
Ki3/B73 NIL-1034,Ki3,1,0,1,0,NA
Ki3/B73 NIL-1043A,Ki3,2,1,0,2,Mo17/Ki3
Ki3/B73 NIL-1083,Ki3,2,2,0,1,Ki11
Ki3/B73 NIL-1107,Ki3,2,1,1,1,B73
Ki3/B73 NIL-1119,Ki3,4,3,1,1,Mo17
Ki3/B73 NIL-1123,Ki3,1,1,0,1,Mo17
Ki3/B73 NIL-1128,Ki3,2,0,0,1,Ki3
Ki3/B73 NIL-1144,Ki3,3,0,0,1,Ki3
Ki3/B73 NIL-1163,Ki3,1,0,0,1,Ki3
Ki3/B73 NIL-1185,Ki3,4,1,1,2,Mo17/Ki3
Ki3/B73 NIL-1186,Ki3,3,1,0,2,Mo17/Ki3
Ki3/B73 NIL-1191,Ki3,5,0,1,1,Ki3
Ki3/B73 NIL-1194,Ki3,3,0,0,1,Ki3
Ki3/B73 NIL-1199,Ki3,3,0,0,1,Ki3
Ki3/B73 NIL-1203,Ki3,1,0,0,1,Ki3
Ki3/B73 NIL-1215,Ki3,4,2,0,2,Ki3/Mo17
Ki3/B73 NIL-1219,Ki3,2,0,0,1,Ki3
Ki3/B73 NIL-1221,Ki3,1,0,0,1,Ki3
Ki3/B73 NIL-1237,Ki3,2,0,0,1,Ki3
Ki3/B73 NIL-1244,Ki3,1,1,0,1,Mo17
Ki3/B73 NIL-1258,Ki3,5,5,0,1,Ki11
M162W/B73 NIL-1005,M162W,2,0,0,1,M162W
M162W/B73 NIL-1013,M162W,2,0,0,1,M162W
M162W/B73 NIL-1018,M162W,2,0,0,1,M162W
M162W/B73 NIL-1044,M162W,2,0,0,1,M162W
M162W/B73 NIL-1050,M162W,3,0,0,1,M162W
M162W/B73 NIL-1056,M162W,2,0,0,1,M162W
M162W/B73 NIL-1058,M162W,3,0,0,1,M162W
M162W/B73 NIL-1089,M162W,2,0,0,1,M162W
M162W/B73 NIL-1105,M162W,2,0,0,1,M162W
M162W/B73 NIL-1120,M162W,3,0,0,1,M162W
M162W/B73 NIL-1136,M162W,2,0,0,1,M162W
M162W/B73 NIL-1160,M162W,2,0,0,1,M162W
M162W/B73 NIL-1201,M162W,2,0,0,1,M162W
M162W/B73 NIL-1207,M162W,2,0,0,1,M162W
M162W/B73 NIL-1232,M162W,2,0,0,1,M162W
M162W/B73 NIL-1233,M162W,3,0,0,1,M162W
M162W/B73 NIL-1247,M162W,2,0,0,1,M162W
M162W/B73 NIL-1254,M162W,2,0,0,1,M162W
Mo17/B73 NIL-1015,Mo17,1,0,0,1,Mo17
Mo17/B73 NIL-1035,Mo17,1,0,0,1,Mo17
Mo17/B73 NIL-1076,Mo17,1,0,0,1,Mo17
Mo17/B73 NIL-1114,Mo17,2,0,0,1,Mo17
Mo17/B73 NIL-1163,Mo17,3,0,0,1,Mo17
Mo17/B73 NIL-1209,Mo17,2,0,1,1,Mo17
Mo17/B73 NIL-1213,Mo17,1,0,0,1,Mo17
Mo17/B73 NIL-1214,Mo17,1,0,0,1,Mo17
Mo17/B73 NIL-1215,Mo17,3,0,0,1,Mo17
Mo17/B73 NIL-1217,Mo17,1,0,0,1,Mo17
Mo17/B73 NIL-1218,Mo17,1,0,0,1,Mo17
Mo17/B73 NIL-1231,Mo17,1,0,0,1,Mo17
Mo17/B73 NIL-1243,Mo17,2,0,0,1,Mo17
Mo17/B73 NIL-1244,Mo17,1,0,0,1,Mo17
Mo17/B73 NIL-1250,Mo17,3,0,0,1,Mo17
Mo17/B73 NIL-1251A,Mo17,1,0,0,1,Mo17
Mo17/B73 NIL-1251B,Mo17,1,0,0,1,Mo17
Mo17/B73 NIL-1265,Mo17,2,0,1,1,Mo17
Mo17/B73 NIL-1266,Mo17,2,0,0,1,Mo17
Mo17/B73 NIL-1270,Mo17,3,0,0,1,Mo17
Mo17/B73 NIL-1288,Mo17,2,0,0,1,Mo17
Mo17/B73 NIL-1291,Mo17,1,0,1,0,NA
Mo17/B73 NIL-1301,Mo17,2,2,0,1,Mo18W
Mo17/B73 NIL-1306,Mo17,2,1,1,1,NC358
Mo17/B73 NIL-1307,Mo17,3,0,0,1,Mo17
Mo17/B73 NIL-1314,Mo17,4,3,1,2,Oh43/B73
Mo18W/B73 NIL-1001,Mo18W,3,0,0,1,Mo18W
Mo18W/B73 NIL-1003,Mo18W,1,0,0,1,Mo18W
Mo18W/B73 NIL-1004,Mo18W,1,0,0,1,Mo18W
Mo18W/B73 NIL-1005,Mo18W,1,0,0,1,Mo18W
Mo18W/B73 NIL-1008,Mo18W,1,0,0,1,Mo18W
Mo18W/B73 NIL-1011,Mo18W,2,0,0,1,Mo18W
Mo18W/B73 NIL-1012,Mo18W,2,0,0,1,Mo18W
Mo18W/B73 NIL-1013A,Mo18W,2,0,0,1,Mo18W
Mo18W/B73 NIL-1015,Mo18W,1,0,0,1,Mo18W
Mo18W/B73 NIL-1016A,Mo18W,3,0,0,1,Mo18W
Mo18W/B73 NIL-1016B,Mo18W,2,0,0,1,Mo18W
Mo18W/B73 NIL-1017B,Mo18W,1,0,0,1,Mo18W
Mo18W/B73 NIL-1018,Mo18W,2,0,0,1,Mo18W
Mo18W/B73 NIL-1020A,Mo18W,2,0,0,1,Mo18W
Mo18W/B73 NIL-1020B,Mo18W,3,0,1,1,Mo18W
Mo18W/B73 NIL-1023,Mo18W,2,0,0,1,Mo18W
Mo18W/B73 NIL-1024,Mo18W,2,0,0,1,Mo18W
Mo18W/B73 NIL-1026,Mo18W,3,1,0,2,Mo18W/B73
Mo18W/B73 NIL-1028A,Mo18W,2,0,0,1,Mo18W
Mo18W/B73 NIL-1029,Mo18W,2,0,0,1,Mo18W
Mo18W/B73 NIL-1031,Mo18W,1,0,0,1,Mo18W
Mo18W/B73 NIL-1033,Mo18W,2,0,1,1,Mo18W
Mo18W/B73 NIL-1035,Mo18W,1,0,0,1,Mo18W
Mo18W/B73 NIL-1037,Mo18W,1,0,0,1,Mo18W
Mo18W/B73 NIL-1045,Mo18W,3,0,0,1,Mo18W
Mo18W/B73 NIL-1053,Mo18W,2,0,0,1,Mo18W
Mo18W/B73 NIL-1054,Mo18W,2,0,0,1,Mo18W
Mo18W/B73 NIL-1058A,Mo18W,4,0,0,1,Mo18W
Mo18W/B73 NIL-1058B,Mo18W,3,0,0,1,Mo18W
Mo18W/B73 NIL-1065,Mo18W,5,5,0,1,Mo17
Mo18W/B73 NIL-1067,Mo18W,2,0,0,1,Mo18W
Mo18W/B73 NIL-1068,Mo18W,2,1,0,2,M162W/Mo18W
Mo18W/B73 NIL-1074,Mo18W,1,0,0,1,Mo18W
Mo18W/B73 NIL-1078,Mo18W,1,0,0,1,Mo18W
Mo18W/B73 NIL-1081,Mo18W,3,0,1,1,Mo18W
Mo18W/B73 NIL-1085,Mo18W,2,0,0,1,Mo18W
Mo18W/B73 NIL-1089A,Mo18W,2,0,0,1,Mo18W
Mo18W/B73 NIL-1089B,Mo18W,2,0,0,1,Mo18W
Mo18W/B73 NIL-1092,Mo18W,1,0,0,1,Mo18W
Mo18W/B73 NIL-1093,Mo18W,1,0,0,1,Mo18W
Mo18W/B73 NIL-1095,Mo18W,2,0,0,1,Mo18W
Mo18W/B73 NIL-1096,Mo18W,2,0,0,1,Mo18W
Mo18W/B73 NIL-1099,Mo18W,7,1,6,1,B73
Mo18W/B73 NIL-1104A,Mo18W,1,0,0,1,Mo18W
Mo18W/B73 NIL-1104B,Mo18W,1,0,0,1,Mo18W
Mo18W/B73 NIL-1105,Mo18W,1,1,0,1,NC358
Mo18W/B73 NIL-1106,Mo18W,5,1,3,2,Oh43/Mo18W
Mo18W/B73 NIL-1108,Mo18W,2,0,0,1,Mo18W
Mo18W/B73 NIL-1109,Mo18W,2,0,0,1,Mo18W
Mo18W/B73 NIL-1115,Mo18W,1,0,0,1,Mo18W
Mo18W/B73 NIL-1116A,Mo18W,2,0,0,1,Mo18W
Mo18W/B73 NIL-1116B,Mo18W,2,0,0,1,Mo18W
Mo18W/B73 NIL-1117,Mo18W,2,0,1,1,Mo18W
Mo18W/B73 NIL-1118,Mo18W,1,0,0,1,Mo18W
Mo18W/B73 NIL-1120,Mo18W,1,0,0,1,Mo18W
Mo18W/B73 NIL-1121,Mo18W,1,0,0,1,Mo18W
Mo18W/B73 NIL-1127,Mo18W,1,0,0,1,Mo18W
Mo18W/B73 NIL-1130,Mo18W,3,0,2,1,Mo18W
Mo18W/B73 NIL-1131,Mo18W,1,0,0,1,Mo18W
Mo18W/B73 NIL-1135,Mo18W,1,0,0,1,Mo18W
Mo18W/B73 NIL-1138,Mo18W,3,0,0,1,Mo18W
Mo18W/B73 NIL-1145,Mo18W,3,0,0,1,Mo18W
Mo18W/B73 NIL-1147,Mo18W,1,0,0,1,Mo18W
Mo18W/B73 NIL-1149B,Mo18W,3,0,0,1,Mo18W
Mo18W/B73 NIL-1149C,Mo18W,3,0,0,1,Mo18W
Mo18W/B73 NIL-1152,Mo18W,1,0,0,1,Mo18W
Mo18W/B73 NIL-1154,Mo18W,2,0,0,1,Mo18W
Mo18W/B73 NIL-1156,Mo18W,2,0,0,1,Mo18W
Mo18W/B73 NIL-1159,Mo18W,1,0,0,1,Mo18W
Mo18W/B73 NIL-1164,Mo18W,1,0,0,1,Mo18W
NC350/B73 NIL-1005,NC350,2,0,0,1,NC350
NC350/B73 NIL-1006,NC350,2,0,0,1,NC350
NC350/B73 NIL-1013,NC350,2,1,0,2,Mo17/NC350
NC350/B73 NIL-1042,NC350,1,0,0,1,NC350
NC350/B73 NIL-1056,NC350,3,0,0,1,NC350
NC350/B73 NIL-1065,NC350,1,1,0,1,NC358
NC350/B73 NIL-1068,NC350,3,3,0,2,NC358/B73
NC350/B73 NIL-1073A,NC350,3,0,0,1,NC350
NC350/B73 NIL-1073B,NC350,2,2,0,1,NC358
NC350/B73 NIL-1077,NC350,1,0,0,1,NC350
NC350/B73 NIL-1079,NC350,1,0,0,1,NC350
NC350/B73 NIL-1080,NC350,3,0,0,1,NC350
NC350/B73 NIL-1090,NC350,2,0,0,1,NC350
NC350/B73 NIL-1097A,NC350,1,0,0,1,NC350
NC350/B73 NIL-1101,NC350,4,1,2,2,B73/NC350
NC350/B73 NIL-1105,NC350,3,0,0,1,NC350
NC350/B73 NIL-1114,NC350,1,1,0,1,NC358
NC350/B73 NIL-1123,NC350,2,0,0,1,NC350
NC350/B73 NIL-1127,NC350,3,2,0,2,Mo17/NC350
NC350/B73 NIL-1128,NC350,1,1,0,1,Mo17
NC350/B73 NIL-1140,NC350,2,0,0,1,NC350
NC350/B73 NIL-1153A,NC350,3,3,0,1,NC358
NC350/B73 NIL-1153B,NC350,3,3,0,1,NC358
NC350/B73 NIL-1155,NC350,1,0,0,1,NC350
NC350/B73 NIL-1157,NC350,4,3,1,2,NC358/B73
NC350/B73 NIL-1165,NC350,4,0,0,1,NC350
NC350/B73 NIL-1169,NC350,2,0,0,1,NC350
NC350/B73 NIL-1179,NC350,1,0,0,1,NC350
NC350/B73 NIL-1180,NC350,2,0,1,1,NC350
NC350/B73 NIL-1182,NC350,5,3,1,2,NC350/Mo17
NC350/B73 NIL-1183,NC350,4,3,0,2,Mo17/NC350
NC350/B73 NIL-1185,NC350,2,2,0,1,Oh43
NC350/B73 NIL-1192,NC350,1,0,0,1,NC350
NC350/B73 NIL-1196,NC350,2,0,0,1,NC350
NC350/B73 NIL-1207,NC350,3,0,0,1,NC350
NC350/B73 NIL-1210,NC350,3,0,3,0,NA
NC350/B73 NIL-1232,NC350,2,0,0,1,NC350
NC350/B73 NIL-1240,NC350,2,0,0,1,NC350
NC350/B73 NIL-1242,NC350,3,0,3,0,NA
NC350/B73 NIL-1246,NC350,3,0,0,1,NC350
NC350/B73 NIL-1250,NC350,2,0,0,1,NC350
NC350/B73 NIL-1265,NC350,2,2,0,1,NC358
NC350/B73 NIL-1270,NC350,1,0,0,1,NC350
NC350/B73 NIL-1272,NC350,4,0,1,1,NC350
NC358/B73 NIL-1008,NC358,4,0,0,1,NC358
NC358/B73 NIL-1009,NC358,2,0,0,1,NC358
NC358/B73 NIL-1017,NC358,1,0,0,1,NC358
NC358/B73 NIL-1018,NC358,2,0,0,1,NC358
NC358/B73 NIL-1035,NC358,2,1,1,1,B73
NC358/B73 NIL-1052,NC358,5,5,0,2,B73/NC350
NC358/B73 NIL-1058,NC358,2,0,0,1,NC358
NC358/B73 NIL-1059B,NC358,1,0,0,1,NC358
NC358/B73 NIL-1069,NC358,1,0,0,1,NC358
NC358/B73 NIL-1075,NC358,2,2,0,1,NC350
NC358/B73 NIL-1080,NC358,2,1,1,1,Mo18W
NC358/B73 NIL-1084,NC358,3,3,0,1,Oh43
NC358/B73 NIL-1104,NC358,1,0,0,1,NC358
NC358/B73 NIL-1108,NC358,2,1,1,1,Tx303
NC358/B73 NIL-1111,NC358,14,13,1,3,Mo17/B73/Oh43
NC358/B73 NIL-1114,NC358,10,6,2,4,Mo17/NC358/CML52/Oh43
NC358/B73 NIL-1132,NC358,3,1,1,2,Tzi8/NC358
NC358/B73 NIL-1134,NC358,2,0,0,1,NC358
NC358/B73 NIL-1145,NC358,5,0,1,1,NC358
NC358/B73 NIL-1146,NC358,3,0,0,1,NC358
NC358/B73 NIL-1151,NC358,4,3,1,1,Tx303
NC358/B73 NIL-1154,NC358,9,7,2,2,B73/Tx303
NC358/B73 NIL-1156,NC358,1,0,0,1,NC358
NC358/B73 NIL-1164,NC358,1,0,0,1,NC358
NC358/B73 NIL-1165,NC358,2,1,1,1,Oh43
NC358/B73 NIL-1166,NC358,1,1,0,1,Tx303
NC358/B73 NIL-1179,NC358,3,1,2,1,Ki11
NC358/B73 NIL-1183,NC358,3,2,1,1,Ki11
NC358/B73 NIL-1188,NC358,1,0,0,1,NC358
NC358/B73 NIL-1189A,NC358,1,0,0,1,NC358
NC358/B73 NIL-1192A,NC358,2,0,0,1,NC358
NC358/B73 NIL-1192B,NC358,1,0,0,1,NC358
NC358/B73 NIL-1204,NC358,2,2,0,1,Oh43
NC358/B73 NIL-1211,NC358,1,0,1,0,NA
NC358/B73 NIL-1227,NC358,2,0,0,1,NC358
NC358/B73 NIL-1233,NC358,3,1,2,1,B73
NC358/B73 NIL-1236,NC358,1,0,0,1,NC358
NC358/B73 NIL-1238A,NC358,2,0,0,1,NC358
Oh43/B73 NIL-1002,Oh43,1,1,0,1,Mo18W
Oh43/B73 NIL-1005,Oh43,4,4,0,2,CML103/CML69
Oh43/B73 NIL-1008,Oh43,2,1,1,1,CML69
Oh43/B73 NIL-1013,Oh43,1,0,0,1,Oh43
Oh43/B73 NIL-1017,Oh43,2,1,1,1,CML69
Oh43/B73 NIL-1021,Oh43,3,3,0,1,NC358
Oh43/B73 NIL-1023A,Oh43,2,0,2,0,NA
Oh43/B73 NIL-1023B,Oh43,1,1,0,1,CML69
Oh43/B73 NIL-1026,Oh43,2,0,0,1,Oh43
Oh43/B73 NIL-1028,Oh43,1,0,0,1,Oh43
Oh43/B73 NIL-1031,Oh43,3,3,0,1,CML69
Oh43/B73 NIL-1037,Oh43,2,0,0,1,Oh43
Oh43/B73 NIL-1046,Oh43,3,0,0,1,Oh43
Oh43/B73 NIL-1053,Oh43,1,1,0,1,Tzi8
Oh43/B73 NIL-1055,Oh43,4,4,0,1,NC358
Oh43/B73 NIL-1056,Oh43,2,0,2,0,NA
Oh43/B73 NIL-1059A,Oh43,1,0,0,1,Oh43
Oh43/B73 NIL-1059B,Oh43,2,2,0,1,NC358
Oh43/B73 NIL-1068,Oh43,1,0,1,0,NA
Oh43/B73 NIL-1073,Oh43,1,0,0,1,Oh43
Oh43/B73 NIL-1099,Oh43,5,3,1,3,B73/CML69/Oh43
Oh43/B73 NIL-1100,Oh43,1,0,1,0,NA
Oh43/B73 NIL-1108,Oh43,1,0,0,1,Oh43
Oh43/B73 NIL-1135,Oh43,3,3,0,1,Tx303
Oh43/B73 NIL-1142,Oh43,3,3,0,1,Tzi8
Oh43/B73 NIL-1143,Oh43,6,3,1,2,Tzi8/Oh43
Oh43/B73 NIL-1145,Oh43,6,4,0,2,Tzi8/Oh43
Oh43/B73 NIL-1157,Oh43,2,0,0,1,Oh43
Oh43/B73 NIL-1171,Oh43,3,3,0,1,NC358
Oh43/B73 NIL-1172A,Oh43,2,0,1,1,Oh43
Oh43/B73 NIL-1173A,Oh43,3,0,1,1,Oh43
Oh43/B73 NIL-1173B,Oh43,2,0,0,1,Oh43
Oh43/B73 NIL-1175A,Oh43,2,0,0,1,Oh43
Oh43/B73 NIL-1175B,Oh43,2,0,1,1,Oh43
Oh43/B73 NIL-1182,Oh43,2,0,0,1,Oh43
Oh43/B73 NIL-1195,Oh43,2,1,1,1,B73
Oh43/B73 NIL-1197,Oh43,1,0,0,1,Oh43
Oh43/B73 NIL-1199,Oh43,3,3,0,2,NC350/Mo17
Oh43/B73 NIL-1211,Oh43,4,0,3,1,Oh43
Oh43/B73 NIL-1218,Oh43,4,0,0,1,Oh43
Oh43/B73 NIL-1230,Oh43,2,1,1,1,CML52
Oh43/B73 NIL-1231,Oh43,5,0,1,1,Oh43
Oh43/B73 NIL-1235,Oh43,2,0,0,1,Oh43
Oh43/B73 NIL-1236A,Oh43,1,0,0,1,Oh43
Oh43/B73 NIL-1236B,Oh43,2,0,0,1,Oh43
Oh43/B73 NIL-1246,Oh43,6,2,3,2,Mo17/Oh43
Oh43/B73 NIL-1250,Oh43,3,1,2,1,Mo17
Oh43/B73 NIL-1255,Oh43,1,0,0,1,Oh43
Oh43/B73 NIL-1270,Oh43,1,0,0,1,Oh43
Oh43/B73 NIL-1281,Oh43,1,0,1,0,NA
Oh43/B73 NIL-1284,Oh43,2,0,0,1,Oh43
Oh43/B73 NIL-1285,Oh43,2,0,1,1,Oh43
Oh43/B73 NIL-1306,Oh43,5,3,2,2,Tx303/Mo17
Oh43/B73 NIL-1307,Oh43,5,4,1,1,Tx303
Oh43/B73 NIL-1308,Oh43,1,1,0,1,NC358
Oh43/B73 NIL-1313,Oh43,1,0,0,1,Oh43
Tx303/B73 NIL-1005,Tx303,4,2,0,2,Tx303/Mo17
Tx303/B73 NIL-1010,Tx303,5,2,0,2,Tx303/Mo17
Tx303/B73 NIL-1011A,Tx303,2,1,0,2,Tx303/Mo17
Tx303/B73 NIL-1015,Tx303,2,1,1,1,Oh43
Tx303/B73 NIL-1017,Tx303,2,2,0,1,NC358
Tx303/B73 NIL-1019,Tx303,4,4,0,1,NC358
Tx303/B73 NIL-1025,Tx303,1,1,0,1,NC358
Tx303/B73 NIL-1028,Tx303,2,0,0,1,Tx303
Tx303/B73 NIL-1030,Tx303,1,0,0,1,Tx303
Tx303/B73 NIL-1037,Tx303,2,0,0,1,Tx303
Tx303/B73 NIL-1045,Tx303,2,2,0,1,NC358
Tx303/B73 NIL-1062,Tx303,3,0,0,1,Tx303
Tx303/B73 NIL-1072,Tx303,3,2,1,1,Mo17
Tx303/B73 NIL-1073,Tx303,3,1,0,2,Mo17/Tx303
Tx303/B73 NIL-1077,Tx303,2,0,0,1,Tx303
Tx303/B73 NIL-1078,Tx303,1,1,0,1,NC358
Tx303/B73 NIL-1079A,Tx303,3,0,0,1,Tx303
Tx303/B73 NIL-1079B,Tx303,4,0,0,1,Tx303
Tx303/B73 NIL-1080,Tx303,3,1,0,2,NC358/Tx303
Tx303/B73 NIL-1085C,Tx303,2,2,0,1,Oh43
Tx303/B73 NIL-1102,Tx303,2,0,0,1,Tx303
Tx303/B73 NIL-1104,Tx303,1,0,0,1,Tx303
Tx303/B73 NIL-1107,Tx303,5,0,0,1,Tx303
Tx303/B73 NIL-1111,Tx303,5,0,0,1,Tx303
Tx303/B73 NIL-1122,Tx303,2,0,1,1,Tx303
Tx303/B73 NIL-1123,Tx303,3,0,0,1,Tx303
Tx303/B73 NIL-1133,Tx303,3,0,0,1,Tx303
Tx303/B73 NIL-1151,Tx303,5,1,3,2,Tx303/B73
Tx303/B73 NIL-1164,Tx303,3,1,0,2,Tx303/Mo17
Tx303/B73 NIL-1166,Tx303,5,0,0,1,Tx303
Tx303/B73 NIL-1178,Tx303,2,0,0,1,Tx303
Tx303/B73 NIL-1186,Tx303,2,0,0,1,Tx303
Tx303/B73 NIL-1187,Tx303,2,0,1,1,Tx303
Tx303/B73 NIL-1193,Tx303,2,0,1,1,Tx303
Tx303/B73 NIL-1201,Tx303,7,5,2,1,Mo17
Tx303/B73 NIL-1203,Tx303,1,0,0,1,Tx303
Tx303/B73 NIL-1208,Tx303,4,0,1,1,Tx303
Tx303/B73 NIL-1209A,Tx303,3,0,0,1,Tx303
Tx303/B73 NIL-1209C,Tx303,13,10,3,2,B73/Mo17
Tx303/B73 NIL-1214,Tx303,1,1,0,1,Oh43
Tx303/B73 NIL-1218,Tx303,7,4,3,2,B73/Mo17
Tx303/B73 NIL-1220,Tx303,1,0,0,1,Tx303
Tx303/B73 NIL-1231,Tx303,1,0,0,1,Tx303
Tx303/B73 NIL-1241,Tx303,1,0,0,1,Tx303
Tx303/B73 NIL-1246,Tx303,2,1,1,1,B73
Tx303/B73 NIL-1248,Tx303,2,0,1,1,Tx303
Tzi8/B73 NIL-1021,Tzi8,2,0,1,1,Tzi8
Tzi8/B73 NIL-1026,Tzi8,2,0,1,1,Tzi8
Tzi8/B73 NIL-1027,Tzi8,2,0,0,1,Tzi8
Tzi8/B73 NIL-1034,Tzi8,4,1,0,2,Tzi8/B73
Tzi8/B73 NIL-1036,Tzi8,4,1,1,2,Tzi8/B73
Tzi8/B73 NIL-1039,Tzi8,2,0,0,1,Tzi8
Tzi8/B73 NIL-1041,Tzi8,2,0,0,1,Tzi8
Tzi8/B73 NIL-1045A,Tzi8,3,0,0,1,Tzi8
Tzi8/B73 NIL-1056,Tzi8,2,0,1,1,Tzi8
Tzi8/B73 NIL-1060A,Tzi8,3,0,0,1,Tzi8
Tzi8/B73 NIL-1060B,Tzi8,3,0,0,1,Tzi8
Tzi8/B73 NIL-1064,Tzi8,1,0,1,0,NA
Tzi8/B73 NIL-1069,Tzi8,1,0,0,1,Tzi8
Tzi8/B73 NIL-1072,Tzi8,2,0,1,1,Tzi8
Tzi8/B73 NIL-1088,Tzi8,3,0,1,1,Tzi8
Tzi8/B73 NIL-1101,Tzi8,10,5,4,3,Tzi8/Mo17/Oh43
Tzi8/B73 NIL-1107,Tzi8,9,5,2,4,B73/Tzi8/Mo17/Oh43
Tzi8/B73 NIL-1133C,Tzi8,3,0,1,1,Tzi8
Tzi8/B73 NIL-1140,Tzi8,2,0,0,1,Tzi8
Tzi8/B73 NIL-1143,Tzi8,2,0,0,1,Tzi8
Tzi8/B73 NIL-1148B,Tzi8,2,0,0,1,Tzi8
Tzi8/B73 NIL-1153,Tzi8,4,2,1,3,Mo17/Oh43/Tzi8
Tzi8/B73 NIL-1154,Tzi8,3,1,1,2,Mo17/Tzi8
Tzi8/B73 NIL-1157,Tzi8,3,0,3,0,NA
Tzi8/B73 NIL-1160,Tzi8,1,0,1,0,NA
Tzi8/B73 NIL-1165,Tzi8,5,1,0,2,Tzi8/B73
Tzi8/B73 NIL-1176,Tzi8,7,1,3,2,Tzi8/Mo17
Tzi8/B73 NIL-1186,Tzi8,5,1,4,1,Mo17
Tzi8/B73 NIL-1189,Tzi8,1,0,0,1,Tzi8
Tzi8/B73 NIL-1190,Tzi8,1,0,0,1,Tzi8
Tzi8/B73 NIL-1201,Tzi8,1,0,0,1,Tzi8
Tzi8/B73 NIL-1213,Tzi8,3,0,1,1,Tzi8
Tzi8/B73 NIL-1215,Tzi8,3,0,0,1,Tzi8
Tzi8/B73 NIL-1216,Tzi8,1,0,0,1,Tzi8
Tzi8/B73 NIL-1218,Tzi8,2,0,0,1,Tzi8
Tzi8/B73 NIL-1219,Tzi8,4,0,2,1,Tzi8
Tzi8/B73 NIL-1220,Tzi8,6,1,3,2,Tzi8/Ki3
Tzi8/B73 NIL-1230,Tzi8,6,0,2,1,Tzi8
Tzi8/B73 NIL-1234,Tzi8,4,0,1,1,Tzi8
Tzi8/B73 NIL-1241,Tzi8,2,0,0,1,Tzi8
Tzi8/B73 NIL-1251,Tzi8,1,0,0,1,Tzi8
Tzi8/B73 NIL-1258,Tzi8,1,0,0,1,Tzi8
Tzi8/B73 NIL-1271,Tzi8,2,0,0,1,Tzi8
Tzi8/B73 NIL-1277,Tzi8,2,0,1,1,Tzi8
Tzi8/B73 NIL-1280,Tzi8,1,0,0,1,Tzi8
Tzi8/B73 NIL-1281,Tzi8,3,0,0,1,Tzi8
Tzi8/B73 NIL-1282,Tzi8,2,0,0,1,Tzi8
Tzi8/B73 NIL-1285,Tzi8,2,0,1,1,Tzi8
Tzi8/B73 NIL-1305,Tzi8,4,0,1,1,Tzi8
Tzi8/B73 NIL-1308,Tzi8,1,0,1,0,NA
Tzi8/B73 NIL-1310,Tzi8,2,0,1,1,Tzi8
Tzi8/B73 NIL-1312,Tzi8,1,0,0,1,Tzi8
Tzi8/B73 NIL-1314,Tzi8,1,0,0,1,Tzi8
Tzi8/B73 NIL-1321,Tzi8,2,0,1,1,Tzi8
Tzi8/B73 NIL-1322,Tzi8,2,0,1,1,Tzi8
Tzi8/B73 NIL-1333,Tzi8,2,0,2,0,NA
Tzi8/B73 NIL-1338,Tzi8,1,0,0,1,Tzi8
